,tpr,fpr,f1,privacy_cost,mean_reward
APA (DQN),0.9901440485208566,0.00013633032838567617,0.9920243063735361,0.022149999999999632,63.83539999999999
Static threshold,0.9537528430622034,0.04924933112932552,0.46021584013124894,0.06913333333333219,49.141
Random,0.34192570128859595,0.3319643496191215,0.042447058707089744,0.6664666666666555,-62.17700000000002
